<inspections profile_name="Default" version="1.0">
  <option name="myName" value="Default" />
  <inspection_tool class="Annotator" enabled="false" level="ERROR" enabled_by_default="false" />
  <inspection_tool class="CheckDtdRefs" enabled="false" level="ERROR" enabled_by_default="false" />
  <inspection_tool class="CheckEmptyScriptTag" enabled="false" level="WARNING" enabled_by_default="false" />
  <inspection_tool class="CheckTagEmptyBody" enabled="false" level="WARNING" enabled_by_default="false" />
  <inspection_tool class="CheckValidXmlInScriptTagBody" enabled="false" level="ERROR" enabled_by_default="false" />
  <inspection_tool class="CheckXmlFileWithXercesValidator" enabled="false" level="ERROR" enabled_by_default="false" />
  <inspection_tool class="HtmlExtraClosingTag" enabled="false" level="ERROR" enabled_by_default="false" />
  <inspection_tool class="HtmlUnknownAnchorTarget" enabled="false" level="WARNING" enabled_by_default="false" />
  <inspection_tool class="HtmlUnknownAttribute" enabled="false" level="WARNING" enabled_by_default="false">
    <option name="myValues">
      <value>
        <list size="0" />
      </value>
    </option>
    <option name="myCustomValuesEnabled" value="true" />
  </inspection_tool>
  <inspection_tool class="HtmlUnknownBooleanAttribute" enabled="false" level="WARNING" enabled_by_default="false" />
  <inspection_tool class="HtmlUnknownTag" enabled="false" level="WARNING" enabled_by_default="false">
    <option name="myValues">
      <value>
        <list size="6">
          <item index="0" class="java.lang.String" itemvalue="nobr" />
          <item index="1" class="java.lang.String" itemvalue="noembed" />
          <item index="2" class="java.lang.String" itemvalue="comment" />
          <item index="3" class="java.lang.String" itemvalue="noscript" />
          <item index="4" class="java.lang.String" itemvalue="embed" />
          <item index="5" class="java.lang.String" itemvalue="script" />
        </list>
      </value>
    </option>
    <option name="myCustomValuesEnabled" value="true" />
  </inspection_tool>
  <inspection_tool class="HtmlUnknownTarget" enabled="false" level="WARNING" enabled_by_default="false" />
  <inspection_tool class="LossyEncoding" enabled="false" level="WARNING" enabled_by_default="false" />
  <inspection_tool class="RequiredAttributes" enabled="false" level="WARNING" enabled_by_default="false">
    <option name="myAdditionalRequiredHtmlAttributes" value="" />
  </inspection_tool>
  <inspection_tool class="SqlAddNotNullColumnInspection" enabled="false" level="WARNING" enabled_by_default="false" />
  <inspection_tool class="SqlAmbiguousColumnInspection" enabled="false" level="WARNING" enabled_by_default="false" />
  <inspection_tool class="SqlAutoIncrementDuplicateInspection" enabled="false" level="WARNING" enabled_by_default="false" />
  <inspection_tool class="SqlCheckUsingColumnsInspection" enabled="false" level="WARNING" enabled_by_default="false" />
  <inspection_tool class="SqlConstantConditionInspection" enabled="false" level="WARNING" enabled_by_default="false" />
  <inspection_tool class="SqlDeprecateTypeInspection" enabled="false" level="WARNING" enabled_by_default="false" />
  <inspection_tool class="SqlDerivedTableAliasInspection" enabled="false" level="WARNING" enabled_by_default="false" />
  <inspection_tool class="SqlDialectInspection" enabled="false" level="WARNING" enabled_by_default="false" />
  <inspection_tool class="SqlDropIndexedColumnInspection" enabled="false" level="WARNING" enabled_by_default="false" />
  <inspection_tool class="SqlIdentifierInspection" enabled="false" level="WARNING" enabled_by_default="false" />
  <inspection_tool class="SqlInsertValuesInspection" enabled="false" level="WARNING" enabled_by_default="false" />
  <inspection_tool class="SqlNoDataSourceInspection" enabled="false" level="WARNING" enabled_by_default="false" />
  <inspection_tool class="SqlNullComparisonInspection" enabled="false" level="WARNING" enabled_by_default="false" />
  <inspection_tool class="SqlPostgresqlSelectFromProcedureInspection" enabled="false" level="WARNING" enabled_by_default="false" />
  <inspection_tool class="SqlResolveInspection" enabled="false" level="WARNING" enabled_by_default="false" />
  <inspection_tool class="SqlShouldBeInGroupByInspection" enabled="false" level="WARNING" enabled_by_default="false" />
  <inspection_tool class="SqlSignatureInspection" enabled="false" level="WARNING" enabled_by_default="false" />
  <inspection_tool class="SqlTypeInspection" enabled="false" level="WARNING" enabled_by_default="false" />
  <inspection_tool class="SyntaxError" enabled="false" level="ERROR" enabled_by_default="false" />
  <inspection_tool class="UnresolvedReference" enabled="false" level="ERROR" enabled_by_default="false" />
  <inspection_tool class="XmlDuplicatedId" enabled="false" level="ERROR" enabled_by_default="false" />
  <inspection_tool class="XmlHighlighting" enabled="false" level="ERROR" enabled_by_default="false" />
  <inspection_tool class="XmlInvalidId" enabled="false" level="ERROR" enabled_by_default="false" />
  <inspection_tool class="XmlPathReference" enabled="false" level="ERROR" enabled_by_default="false" />
  <inspection_tool class="XmlUnboundNsPrefix" enabled="false" level="WARNING" enabled_by_default="false" />
  <inspection_tool class="XmlUnusedNamespaceDeclaration" enabled="false" level="WARNING" enabled_by_default="false" />
  <inspection_tool class="XmlWrongRootElement" enabled="false" level="ERROR" enabled_by_default="false" />
</inspections>