<application>
  <component name="XDebuggerSettings">
    <data-views>
      <option name="valueLookupDelay" value="150" />
    </data-views>
    <general>
      <option name="hideDebuggerOnProcessTermination" value="true" />
    </general>
    <debuggers>
      <debugger id="dotnet_debugger">
        <configuration>
          <option name="allowTypingDuringDebug" value="true" />
          <option name="remappedSourceLocationsMap">
            <map />
          </option>
        </configuration>
      </debugger>
    </debuggers>
  </component>
</application>