<application>
  <component name="AbbreviationManager">
    <abbreviations>
      <action id="GotoSuperMethod">
        <abbreviation name="definition" />
        <abbreviation name="declaration" />
        <abbreviation name="to" />
        <abbreviation name="type" />
        <abbreviation name="struct" />
        <abbreviation name="super" />
        <abbreviation name="class" />
        <abbreviation name="interface" />
        <abbreviation name="this" />
        <abbreviation name="navigate" />
        <abbreviation name="Base" />
        <abbreviation name="symbols" />
        <abbreviation name="method" />
      </action>
      <action id="GotoSymbol">
        <abbreviation name="to" />
        <abbreviation name="jump" />
        <abbreviation name="symbol" />
        <abbreviation name="find" />
        <abbreviation name="search" />
        <abbreviation name="look for" />
        <abbreviation name="lookup" />
      </action>
      <action id="GotoClass">
        <abbreviation name="to" />
        <abbreviation name="jump" />
        <abbreviation name="type" />
        <abbreviation name="find" />
        <abbreviation name="search" />
        <abbreviation name="look for" />
        <abbreviation name="lookup" />
        <abbreviation name="interface" />
        <abbreviation name="struct" />
      </action>
      <action id="NavigateTo">
        <abbreviation name="to" />
        <abbreviation name="member" />
        <abbreviation name="method" />
        <abbreviation name="function" />
        <abbreviation name="control" />
        <abbreviation name="flow" />
        <abbreviation name="target" />
        <abbreviation name="exits" />
        <abbreviation name="implementing" />
        <abbreviation name="overriding" />
        <abbreviation name="conflicts" />
        <abbreviation name="declarations" />
        <abbreviation name="overloads" />
        <abbreviation name="to-do" />
        <abbreviation name="to do" />
        <abbreviation name="todo" />
        <abbreviation name="explorer" />
        <abbreviation name="test" />
        <abbreviation name="extention" />
        <abbreviation name="parameter" />
        <abbreviation name="declaration" />
        <abbreviation name="generic" />
        <abbreviation name="substitution" />
        <abbreviation name="object" />
        <abbreviation name="browser" />
        <abbreviation name="decompiled" />
        <abbreviation name="sources" />
        <abbreviation name="metadata" />
        <abbreviation name="symbol" />
        <abbreviation name="view" />
      </action>
      <action id="GotoDeclaration">
        <abbreviation name="to" />
        <abbreviation name="definition" />
        <abbreviation name="signature" />
        <abbreviation name="method" />
        <abbreviation name="type" />
        <abbreviation name="struct" />
        <abbreviation name="class" />
        <abbreviation name="interface" />
        <abbreviation name="navigate" />
        <abbreviation name="this" />
      </action>
      <action id="EditorCodeBlockStart">
        <abbreviation name="to" />
        <abbreviation name="type" />
        <abbreviation name="struct" />
        <abbreviation name="class" />
        <abbreviation name="method" />
        <abbreviation name="this" />
        <abbreviation name="navigate" />
        <abbreviation name="Containing" />
        <abbreviation name="declaration" />
        <abbreviation name="signature" />
      </action>
      <action id="GotoTypeDeclaration">
        <abbreviation name="definition" />
        <abbreviation name="declaration" />
        <abbreviation name="to" />
        <abbreviation name="type" />
        <abbreviation name="struct" />
        <abbreviation name="class" />
        <abbreviation name="interface" />
        <abbreviation name="this" />
        <abbreviation name="navigate" />
      </action>
      <action id="FileStructurePopup">
        <abbreviation name="to" />
        <abbreviation name="jump" />
        <abbreviation name="member" />
        <abbreviation name="find" />
        <abbreviation name="search" />
        <abbreviation name="look for" />
        <abbreviation name="lookup" />
        <abbreviation name="method" />
        <abbreviation name="property" />
        <abbreviation name="constructor" />
        <abbreviation name="field" />
        <abbreviation name="internal" />
      </action>
      <action id="RdExposingApiesNavigationAction">
        <abbreviation name="interface" />
        <abbreviation name="get" />
        <abbreviation name="type" />
        <abbreviation name="obtain" />
      </action>
      <action id="GotoFile">
        <abbreviation name="to" />
        <abbreviation name="jump" />
        <abbreviation name="file" />
        <abbreviation name="find" />
        <abbreviation name="search" />
        <abbreviation name="look for" />
        <abbreviation name="lookup" />
      </action>
      <action id="GotoImplementation">
        <abbreviation name="to" />
        <abbreviation name="derived" />
        <abbreviation name="implementation" />
        <abbreviation name="Inheritance" />
        <abbreviation name="Hierarchy" />
        <abbreviation name="Sub" />
        <abbreviation name="Inheritors" />
        <abbreviation name="type" />
        <abbreviation name="struct" />
        <abbreviation name="class" />
        <abbreviation name="interface" />
        <abbreviation name="navigate" />
        <abbreviation name="Children" />
      </action>
      <action id="SearchEverywhere">
        <abbreviation name="to" />
        <abbreviation name="jump" />
        <abbreviation name="everything" />
        <abbreviation name="find" />
        <abbreviation name="search" />
        <abbreviation name="look for" />
        <abbreviation name="lookup" />
      </action>
      <action id="ReSharperGotoImplementation">
        <abbreviation name="implementation" />
        <abbreviation name="body" />
        <abbreviation name="to" />
        <abbreviation name="type" />
        <abbreviation name="interface" />
        <abbreviation name="this" />
        <abbreviation name="navigate" />
        <abbreviation name="derived" />
      </action>
      <action id="GotoAction">
        <abbreviation name="to" />
        <abbreviation name="jump" />
        <abbreviation name="action" />
        <abbreviation name="find" />
        <abbreviation name="search" />
        <abbreviation name="look for" />
        <abbreviation name="lookup" />
      </action>
      <action id="ShowUsages">
        <abbreviation name="to" />
        <abbreviation name="type" />
        <abbreviation name="struct" />
        <abbreviation name="class" />
        <abbreviation name="interface" />
        <abbreviation name="this" />
        <abbreviation name="navigate" />
        <abbreviation name="usage" />
        <abbreviation name="assignment" />
        <abbreviation name="method" />
      </action>
    </abbreviations>
  </component>
</application>