<application>
  <component name="FileTypeManager" version="18">
    <ignoreFiles list="*.anim;*.asset;*.bin;*.chm;*.chw;*.controller;*.fbx;*.flare;*.hprof;*.info;*.jar;*.java;*.jpg;*.mat;*.mdb;*.meta;*.mp3;*.obj;*.pdf;*.physicsMaterial2D;*.png;*.prefab;*.projmods;*.psb;*.psd;*.pyc;*.pyo;*.rbc;*.res;*.resG;*.resS;*.sgraph;*.split*;*.swatch;*.tga;*.tif;*.ttf;*.txt;*.unity;*.unitypackage;*.wav;*.yarb;*.zip;*~;.DS_Store;.git;.hg;.svn;CVS;Library;LocalCache;RCS;SCCS;Temp;__pycache__;_svn;androidLibrary;iosLibrary;rcs;vssver.scc;vssver2.scc;" />
    <extensionMap>
      <removed_mapping ext="bat" approved="true" type="PLAIN_TEXT" />
      <removed_mapping ext="cmd" approved="true" type="PLAIN_TEXT" />
      <removed_mapping ext="groovy" approved="true" type="PLAIN_TEXT" />
      <removed_mapping ext="log" approved="true" type="PLAIN_TEXT" />
      <removed_mapping ext="php" approved="true" type="PLAIN_TEXT" />
      <removed_mapping ext="php4" approved="true" type="PLAIN_TEXT" />
      <removed_mapping ext="php5" approved="true" type="PLAIN_TEXT" />
      <removed_mapping ext="phtml" approved="true" type="PLAIN_TEXT" />
      <removed_mapping ext="swift" approved="true" type="PLAIN_TEXT" />
    </extensionMap>
  </component>
</application>